{
    "name": "ultrafast/ufsecp",
    "description": "PHP FFI bindings for UltrafastSecp256k1 — high-performance secp256k1 ECC (ufsecp C ABI v1)",
    "version": "0.0.0-dev",
    "type": "library",
    "license": "AGPL-3.0-only",
    "require": {
        "php": ">=8.1",
        "ext-ffi": "*"
    },
    "autoload": {
        "psr-4": {
            "Ultrafast\\Ufsecp\\": "src/"
        }
    },
    "keywords": [
        "secp256k1", "ecdsa", "schnorr", "bitcoin", "cryptography",
        "elliptic-curve", "taproot", "bip32", "ecdh", "ufsecp"
    ],
    "homepage": "https://github.com/shrec/UltrafastSecp256k1",
    "support": {
        "issues": "https://github.com/shrec/UltrafastSecp256k1/issues"
    }
}
