{
    "version": 6,
    "cmakeMinimumRequired": {
        "major": 3,
        "minor": 21,
        "patch": 0
    },
    "configurePresets": [
        {
            "name": "base",
            "hidden": true,
            "binaryDir": "${sourceDir}/build/${presetName}",
            "generator": "Ninja",
            "cacheVariables": {
                "CMAKE_EXPORT_COMPILE_COMMANDS": "ON"
            }
        },
        {
            "name": "base-linux",
            "hidden": true,
            "inherits": "base",
            "condition": {
                "type": "equals",
                "lhs": "${hostSystemName}",
                "rhs": "Linux"
            }
        },
        {
            "name": "base-windows",
            "hidden": true,
            "inherits": "base",
            "condition": {
                "type": "equals",
                "lhs": "${hostSystemName}",
                "rhs": "Windows"
            },
            "generator": "Ninja"
        },
        {
            "name": "cpu-release",
            "displayName": "CPU Release",
            "description": "CPU-only optimized build",
            "inherits": "base",
            "cacheVariables": {
                "CMAKE_BUILD_TYPE": "Release",
                "SECP256K1_BUILD_CPU": "ON",
                "SECP256K1_BUILD_CUDA": "OFF",
                "SECP256K1_BUILD_TESTS": "ON",
                "SECP256K1_BUILD_BENCH": "ON"
            }
        },
        {
            "name": "cpu-debug",
            "displayName": "CPU Debug",
            "description": "CPU-only debug build",
            "inherits": "base",
            "cacheVariables": {
                "CMAKE_BUILD_TYPE": "Debug",
                "SECP256K1_BUILD_CPU": "ON",
                "SECP256K1_BUILD_CUDA": "OFF",
                "SECP256K1_BUILD_TESTS": "ON"
            }
        },
        {
            "name": "cuda-release",
            "displayName": "CUDA Release (Linux)",
            "description": "CPU + CUDA GPU optimized build for Linux",
            "inherits": "base",
            "cacheVariables": {
                "CMAKE_BUILD_TYPE": "Release",
                "SECP256K1_BUILD_CPU": "ON",
                "SECP256K1_BUILD_CUDA": "ON",
                "SECP256K1_BUILD_TESTS": "ON",
                "SECP256K1_BUILD_BENCH": "ON",
                "CMAKE_CUDA_ARCHITECTURES": "89"
            }
        },
        {
            "name": "cuda-debug",
            "displayName": "CUDA Debug (Linux)",
            "description": "CPU + CUDA GPU debug build for Linux",
            "inherits": "base",
            "cacheVariables": {
                "CMAKE_BUILD_TYPE": "Debug",
                "SECP256K1_BUILD_CPU": "ON",
                "SECP256K1_BUILD_CUDA": "ON",
                "SECP256K1_BUILD_TESTS": "ON",
                "CMAKE_CUDA_ARCHITECTURES": "89"
            }
        },
        {
            "name": "cuda-release-5060ti",
            "displayName": "CUDA Release RTX 5060 Ti",
            "description": "Optimized for RTX 5060 Ti (SM 8.9)",
            "inherits": "base",
            "cacheVariables": {
                "CMAKE_BUILD_TYPE": "Release",
                "SECP256K1_BUILD_CPU": "ON",
                "SECP256K1_BUILD_CUDA": "ON",
                "SECP256K1_BUILD_TESTS": "ON",
                "SECP256K1_BUILD_BENCH": "ON",
                "CMAKE_CUDA_ARCHITECTURES": "89"
            }
        },
        {
            "name": "cpu-asan",
            "displayName": "CPU ASan+UBSan",
            "description": "CPU debug with AddressSanitizer + UndefinedBehaviorSanitizer",
            "inherits": "base-linux",
            "cacheVariables": {
                "CMAKE_BUILD_TYPE": "Debug",
                "SECP256K1_BUILD_CPU": "ON",
                "SECP256K1_BUILD_CUDA": "OFF",
                "SECP256K1_BUILD_TESTS": "ON",
                "SECP256K1_USE_ASM": "OFF",
                "CMAKE_C_FLAGS": "-fsanitize=address,undefined -fno-sanitize-recover=all -fno-omit-frame-pointer",
                "CMAKE_CXX_FLAGS": "-fsanitize=address,undefined -fno-sanitize-recover=all -fno-omit-frame-pointer",
                "CMAKE_EXE_LINKER_FLAGS": "-fsanitize=address,undefined"
            }
        },
        {
            "name": "cpu-tsan",
            "displayName": "CPU TSan",
            "description": "CPU debug with ThreadSanitizer (for multi-threaded tests)",
            "inherits": "base-linux",
            "cacheVariables": {
                "CMAKE_BUILD_TYPE": "Debug",
                "SECP256K1_BUILD_CPU": "ON",
                "SECP256K1_BUILD_CUDA": "OFF",
                "SECP256K1_BUILD_TESTS": "ON",
                "SECP256K1_USE_ASM": "OFF",
                "CMAKE_C_FLAGS": "-fsanitize=thread -fno-omit-frame-pointer",
                "CMAKE_CXX_FLAGS": "-fsanitize=thread -fno-omit-frame-pointer",
                "CMAKE_EXE_LINKER_FLAGS": "-fsanitize=thread"
            }
        }
    ],
    "buildPresets": [
        {
            "name": "cpu-release",
            "configurePreset": "cpu-release"
        },
        {
            "name": "cpu-debug",
            "configurePreset": "cpu-debug"
        },
        {
            "name": "cuda-release",
            "configurePreset": "cuda-release"
        },
        {
            "name": "cuda-debug",
            "configurePreset": "cuda-debug"
        },
        {
            "name": "cuda-release-5060ti",
            "configurePreset": "cuda-release-5060ti"
        },
        {
            "name": "cpu-asan",
            "configurePreset": "cpu-asan"
        },
        {
            "name": "cpu-tsan",
            "configurePreset": "cpu-tsan"

